N06/01010016.JPG,0
N06/01010017.JPG,0
N06/01010018.JPG,0
N06/01010019.JPG,0
N06/01010020.JPG,0
N06/01010021.JPG,0
N06/01010022.JPG,0
N06/01010023.JPG,0
N06/01010024.JPG,0
N06/01030025.JPG,0
N06/01030026.JPG,0
N06/01030027.JPG,0
N06/01030028.JPG,0
N06/01030029.JPG,0
N06/01030030.JPG,0
N06/01030031.JPG,0
N06/01030032.JPG,0
N06/01030033.JPG,0
N06/01030034.JPG,0
N06/01030035.JPG,0
N06/01030036.JPG,0
N06/01040037.JPG,0
N06/01040038.JPG,0
N06/01040039.JPG,0
N06/01050040.JPG,0
N06/01050041.JPG,0
N06/01050042.JPG,0
N06/01080043.JPG,0
N06/01080044.JPG,0
N06/01080045.JPG,0
N06/01090046.JPG,0
N06/07220001.JPG,0
N06/07220002.JPG,0
N06/07220003.JPG,0
N06/07230010.JPG,0
N06/07230011.JPG,0
N06/07230012.JPG,0
N06/07230013.JPG,0
N06/07230014.JPG,0
N06/07230015.JPG,0
N06/07230016.JPG,0
N06/07230017.JPG,0
N06/07230018.JPG,0
N06/07230019.JPG,0
N06/07230020.JPG,0
N06/07230021.JPG,0
N06/07230022.JPG,0
N06/07230023.JPG,0
N06/07230024.JPG,0
N06/07230025.JPG,0
N06/07230026.JPG,0
N06/07230027.JPG,0
N06/07250028.JPG,0
N06/07250029.JPG,0
N06/07250030.JPG,0
N06/07280031.JPG,0
N06/07280032.JPG,0
N06/07280033.JPG,0
N06/07280034.JPG,0
N06/07280035.JPG,0
N06/07280036.JPG,0
N06/07280037.JPG,0
N06/07280038.JPG,0
N06/07280039.JPG,0
N06/07280040.JPG,0
N06/07280041.JPG,0
N06/07280042.JPG,0
N06/07280043.JPG,0
N06/07280044.JPG,0
N06/07280045.JPG,0
N06/07290046.JPG,0
N06/07290047.JPG,0
N06/07290048.JPG,0
N06/07290049.JPG,0
N06/07290050.JPG,0
N06/07290051.JPG,0
N06/07290052.JPG,0
N06/07290053.JPG,0
N06/07290054.JPG,0
N06/07290055.JPG,0
N06/07290056.JPG,0
N06/07290057.JPG,0
N06/07300058.JPG,0
N06/07300059.JPG,0
N06/07300060.JPG,0
N06/07300061.JPG,0
N06/07300062.JPG,0
N06/07300063.JPG,0
N06/07300064.JPG,0
N06/07300065.JPG,0
N06/07300066.JPG,0
N06/07300067.JPG,0
N06/07300068.JPG,0
N06/07300069.JPG,0
N06/07310070.JPG,0
N06/07310071.JPG,0
N06/07310072.JPG,0
N06/07310073.JPG,0
N06/07310074.JPG,0
N06/07310075.JPG,0
N06/08050148.JPG,0
N06/08050149.JPG,0
N06/08050150.JPG,0
N06/08050151.JPG,0
N06/08050152.JPG,0
N06/08050153.JPG,0
N06/08050154.JPG,0
N06/08050155.JPG,0
N06/08050156.JPG,0
N06/08050157.JPG,0
N06/08050158.JPG,0
N06/08050159.JPG,0
N06/08050160.JPG,0
N06/08050161.JPG,0
N06/08050162.JPG,0
N06/08050163.JPG,0
N06/08050164.JPG,0
N06/08050165.JPG,0
N06/08050166.JPG,0
N06/08050167.JPG,0
N06/08050168.JPG,0
N06/08060169.JPG,0
N06/08060170.JPG,0
N06/08060171.JPG,0
N06/08060172.JPG,0
N06/08060173.JPG,0
N06/08060174.JPG,0
N06/08060175.JPG,0
N06/08060176.JPG,0
N06/08060177.JPG,0
N06/08060178.JPG,0
N06/08060179.JPG,0
N06/08060180.JPG,0
N06/08060181.JPG,0
N06/08060182.JPG,0
N06/08060183.JPG,0
N06/08060184.JPG,0
N06/08060185.JPG,0
N06/08060186.JPG,0
N06/08060187.JPG,0
N06/08060188.JPG,0
N06/08060189.JPG,0
N06/08060190.JPG,0
N06/08060191.JPG,0
N06/08060192.JPG,0
N06/08070193.JPG,0
N06/08070194.JPG,0
N06/08070195.JPG,0
N06/08070196.JPG,0
N06/08070197.JPG,0
N06/08070198.JPG,0
N06/08070199.JPG,0
N06/08070200.JPG,0
N06/08070201.JPG,0
N06/08070202.JPG,0
N06/08070203.JPG,0
N06/08070204.JPG,0
N06/08080205.JPG,0
N06/08080206.JPG,0
N06/08080207.JPG,0
N06/08080208.JPG,0
N06/08080209.JPG,0
N06/08080210.JPG,0
N06/08080211.JPG,0
N06/08080212.JPG,0
N06/08080213.JPG,0
N06/08100214.JPG,0
N06/08100215.JPG,0
N06/08100216.JPG,0
N06/08100217.JPG,0
N06/08100218.JPG,0
N06/08100219.JPG,0
N06/08110220.JPG,0
N06/08110221.JPG,0
N06/08110222.JPG,0
N06/08110223.JPG,0
N06/08110224.JPG,0
N06/08110225.JPG,0
N06/08110226.JPG,0
N06/08110227.JPG,0
N06/08110228.JPG,0
N06/08110229.JPG,0
N06/08110230.JPG,0
N06/08110231.JPG,0
N06/08110232.JPG,0
N06/08110233.JPG,0
N06/08110234.JPG,0
N06/08120235.JPG,0
N06/08120236.JPG,0
N06/08120237.JPG,0
N06/08120238.JPG,0
N06/08120239.JPG,0
N06/08120240.JPG,0
N06/08130241.JPG,0
N06/08130242.JPG,0
N06/08130243.JPG,0
N06/08140244.JPG,0
N06/08140245.JPG,0
N06/08140246.JPG,0
N06/08140247.JPG,0
N06/08140248.JPG,0
N06/08140249.JPG,0
N06/08140250.JPG,0
N06/08140251.JPG,0
N06/08140252.JPG,0
N06/08140253.JPG,0
N06/08140254.JPG,0
N06/08140255.JPG,0
N06/08150256.JPG,0
N06/08150257.JPG,0
N06/08150258.JPG,0
N06/08150259.JPG,0
N06/08150260.JPG,0
N06/08150261.JPG,0
N06/08150262.JPG,0
N06/08150263.JPG,0
N06/08150264.JPG,0
N06/08150265.JPG,0
N06/08150266.JPG,0
N06/08150267.JPG,0
N06/08150268.JPG,0
N06/08150269.JPG,0
N06/08150270.JPG,0
N06/08160271.JPG,0
N06/08160272.JPG,0
N06/08160273.JPG,0
N06/08160274.JPG,0
N06/08160275.JPG,0
N06/08160276.JPG,0
N06/08160277.JPG,0
N06/08160278.JPG,0
N06/08160279.JPG,0
N06/08160280.JPG,0
N06/08160281.JPG,0
N06/08160282.JPG,0
N06/08160283.JPG,0
N06/08160284.JPG,0
N06/08160285.JPG,0
N06/08160286.JPG,0
N06/08160287.JPG,0
N06/08160288.JPG,0
N06/08180289.JPG,0
N06/08180290.JPG,0
N06/08180291.JPG,0
N06/08180292.JPG,0
N06/08180293.JPG,0
N06/08180294.JPG,0
N06/08180295.JPG,0
N06/08180296.JPG,0
N06/08180297.JPG,0
N06/08180298.JPG,0
N06/08180299.JPG,0
N06/08180300.JPG,0
N06/08180301.JPG,0
N06/08180302.JPG,0
N06/08180303.JPG,0
N06/08190304.JPG,0
N06/08190305.JPG,0
N06/08190306.JPG,0
N06/08200307.JPG,0
N06/08200308.JPG,0
N06/08200309.JPG,0
N06/08220310.JPG,0
N06/08220311.JPG,0
N06/08220312.JPG,0
N06/08220313.JPG,0
N06/08220314.JPG,0
N06/08220315.JPG,0
N06/08220316.JPG,0
N06/08220317.JPG,0
N06/08220318.JPG,0
N06/08220319.JPG,0
N06/08220320.JPG,0
N06/08220321.JPG,0
N06/08220322.JPG,0
N06/08220323.JPG,0
N06/08220324.JPG,0
N06/08240325.JPG,0
N06/08240326.JPG,0
N06/08240327.JPG,0
N06/08240328.JPG,0
N06/08240329.JPG,0
N06/08240330.JPG,0
N06/08250331.JPG,0
N06/08250332.JPG,0
N06/08250333.JPG,0
N06/08250334.JPG,0
N06/08250335.JPG,0
N06/08250336.JPG,0
N06/08250337.JPG,0
N06/08250338.JPG,0
N06/08250339.JPG,0
N06/08260340.JPG,0
N06/08260341.JPG,0
N06/08260342.JPG,0
N06/08270343.JPG,0
N06/08270344.JPG,0
N06/08270345.JPG,0
N06/08270346.JPG,0
N06/08270347.JPG,0
N06/08270348.JPG,0
N06/08270349.JPG,0
N06/08270350.JPG,0
N06/08270351.JPG,0
N06/08280352.JPG,0
N06/08280353.JPG,0
N06/08280354.JPG,0
N06/08280355.JPG,0
N06/08280356.JPG,0
N06/08280357.JPG,0
N06/08280358.JPG,0
N06/08280359.JPG,0
N06/08280360.JPG,0
N06/08300361.JPG,0
N06/08300362.JPG,0
N06/08300363.JPG,0
N06/08300364.JPG,0
N06/08300365.JPG,0
N06/08300366.JPG,0
N06/08310367.JPG,0
N06/08310368.JPG,0
N06/08310369.JPG,0
N06/08310370.JPG,0
N06/08310371.JPG,0
N06/08310372.JPG,0
N06/08310373.JPG,0
N06/08310374.JPG,0
N06/08310375.JPG,0
N06/08310376.JPG,0
N06/08310377.JPG,0
N06/08310378.JPG,0
N06/08310379.JPG,0
N06/08310380.JPG,0
N06/08310381.JPG,0
N06/09010382.JPG,0
N06/09010383.JPG,0
N06/09010384.JPG,0
N06/09010385.JPG,0
N06/09010386.JPG,0
N06/09010387.JPG,0
N06/09010388.JPG,0
N06/09010389.JPG,0
N06/09010390.JPG,0
N06/09020391.JPG,0
N06/09020392.JPG,0
N06/09020393.JPG,0
N06/09020394.JPG,0
N06/09020395.JPG,0
